﻿<?xml version="1.0" encoding="utf-8"?>
<Package xmlns="http://schemas.microsoft.com/appx/manifest/foundation/windows10" xmlns:mp="http://schemas.microsoft.com/appx/2014/phone/manifest" xmlns:uap="http://schemas.microsoft.com/appx/manifest/uap/windows10" xmlns:uap5="http://schemas.microsoft.com/appx/manifest/uap/windows10/5" IgnorableNamespaces="uap mp build uap5" xmlns:build="http://schemas.microsoft.com/developer/appx/2015/build">
  <!--
    THIS PACKAGE MANIFEST FILE IS GENERATED BY THE BUILD PROCESS.

    Changes to this file will be lost when it is regenerated. To correct errors in this file, edit the source .appxmanifest file.

    For more information on package manifest files, see http://go.microsoft.com/fwlink/?LinkID=241727
  -->
  <Identity Name="ceb32c2d-cbd7-42b7-8596-49fa78dd1c55" Publisher="CN=ahmed" Version="1.0.0.0" ProcessorArchitecture="x64" />
  <mp:PhoneIdentity PhoneProductId="ceb32c2d-cbd7-42b7-8596-49fa78dd1c55" PhonePublisherId="00000000-0000-0000-0000-000000000000" />
  <Properties>
    <DisplayName>RECOMP/CsWinRT</DisplayName>
    <PublisherDisplayName>ahmed</PublisherDisplayName>
    <Logo>Assets\StoreLogo.png</Logo>
  </Properties>
  <Dependencies>
    <TargetDeviceFamily Name="Windows.Universal" MinVersion="10.0.17763.0" MaxVersionTested="10.0.22000.0" />
  </Dependencies>
  <Resources>
    <Resource Language="EN-US" />
  </Resources>
  <Applications>
    <Application Id="App" Executable="WUXIND.exe" EntryPoint="WUXIND.App">
      <uap:VisualElements DisplayName="RECOMP/CsWinRT" Square150x150Logo="Assets\Square150x150Logo.png" Square44x44Logo="Assets\Square44x44Logo.png" Description="RECOMP/CsWinRT" BackgroundColor="transparent">
        <uap:DefaultTile Wide310x150Logo="Assets\Wide310x150Logo.png" />
        <uap:SplashScreen Image="Assets\SplashScreen.png" uap5:Optional="true"/>
      </uap:VisualElements>
    </Application>
  </Applications>
  <Capabilities>
    <Capability Name="internetClient" />
  </Capabilities>
  <build:Metadata>
    <build:Item Name="TargetFrameworkMoniker" Value=".NETCore,Version=v5.0" />
    <build:Item Name="VisualStudio" Version="17.0" />
    <build:Item Name="VisualStudioEdition" Value="Microsoft Visual Studio Enterprise 2022" />
    <build:Item Name="OperatingSystem" Version="10.0.22000.1 (WinBuild.160101.0800)" />
    <build:Item Name="Microsoft.Build.AppxPackage.dll" Version="17.0.31903.234" />
    <build:Item Name="ProjectGUID" Value="{1B5A3CA3-ABAF-486B-8C65-508CA12C196F}" />
    <build:Item Name="OptimizingToolset" Value="None" />
    <build:Item Name="TargetRuntime" Value="Managed" />
    <build:Item Name="Microsoft.Windows.UI.Xaml.Build.Tasks.dll" Version="0.0.0.0" />
    <build:Item Name="MakePri.exe" Version="10.0.22000.194 (WinBuild.160101.0800)" />
  </build:Metadata>
</Package>